index,date,domain,IP,DNS
0,2018-01-26 02:01:05.087553+09:00,fl0ckfl0ck.info,120.50.131.112,8.8.8.8
1,2018-01-26 03:01:05.215801+09:00,fl0ckfl0ck.info,120.50.131.112,8.8.8.8
2,2018-01-26 04:01:05.349142+09:00,fl0ckfl0ck.info,120.50.131.112,8.8.8.8
3,2018-01-26 05:01:05.449717+09:00,fl0ckfl0ck.info,120.50.131.112,8.8.8.8
4,2018-01-26 06:01:05.527055+09:00,fl0ckfl0ck.info,120.50.131.112,8.8.8.8
5,2018-01-26 07:01:05.649007+09:00,fl0ckfl0ck.info,120.50.131.112,8.8.8.8
6,2018-01-26 08:01:05.781205+09:00,fl0ckfl0ck.info,120.50.131.112,8.8.8.8
7,2018-01-26 09:01:05.865900+09:00,fl0ckfl0ck.info,120.50.131.112,8.8.8.8
8,2018-01-26 10:01:05.960310+09:00,fl0ckfl0ck.info,120.50.131.112,8.8.8.8
9,2018-01-26 11:01:06.071833+09:00,fl0ckfl0ck.info,120.50.131.112,8.8.8.8
10,2018-01-26 12:01:06.197230+09:00,fl0ckfl0ck.info,120.50.131.112,8.8.8.8
11,2018-01-26 13:01:06.297754+09:00,fl0ckfl0ck.info,120.50.131.112,8.8.8.8
12,2018-01-26 14:01:06.427484+09:00,fl0ckfl0ck.info,116.67.83.27,8.8.8.8
13,2018-01-26 15:01:06.504581+09:00,fl0ckfl0ck.info,116.67.83.27,8.8.8.8
14,2018-01-26 16:01:06.624341+09:00,fl0ckfl0ck.info,116.67.83.27,8.8.8.8
15,2018-01-26 17:01:06.727329+09:00,fl0ckfl0ck.info,116.67.83.27,8.8.8.8
16,2018-01-26 18:01:06.940927+09:00,fl0ckfl0ck.info,116.67.83.27,8.8.8.8
17,2018-01-26 19:01:07.025322+09:00,fl0ckfl0ck.info,116.67.83.27,8.8.8.8
18,2018-01-26 20:01:07.146579+09:00,fl0ckfl0ck.info,116.67.83.27,8.8.8.8
19,2018-01-26 21:01:07.295755+09:00,fl0ckfl0ck.info,116.67.83.27,8.8.8.8
20,2018-01-26 22:01:07.350137+09:00,fl0ckfl0ck.info,116.67.83.27,8.8.8.8
21,2018-01-26 23:01:07.461716+09:00,fl0ckfl0ck.info,116.67.83.27,8.8.8.8
22,2018-01-27 00:01:07.587370+09:00,fl0ckfl0ck.info,116.67.83.27,8.8.8.8
23,2018-01-27 01:01:07.697391+09:00,fl0ckfl0ck.info,116.67.83.27,8.8.8.8
24,2018-01-27 02:01:07.812632+09:00,fl0ckfl0ck.info,116.67.83.27,8.8.8.8
25,2018-01-27 03:01:07.854111+09:00,fl0ckfl0ck.info,116.67.83.27,8.8.8.8
26,2018-01-27 04:01:08.034419+09:00,fl0ckfl0ck.info,116.67.83.27,8.8.8.8
27,2018-01-27 05:01:08.119462+09:00,fl0ckfl0ck.info,116.67.83.27,8.8.8.8
28,2018-01-27 06:01:08.227285+09:00,fl0ckfl0ck.info,116.67.83.27,8.8.8.8
29,2018-01-27 07:01:08.326106+09:00,fl0ckfl0ck.info,116.67.83.27,8.8.8.8
30,2018-01-27 08:01:08.464116+09:00,fl0ckfl0ck.info,116.67.83.27,8.8.8.8
31,2018-01-27 09:01:08.533154+09:00,fl0ckfl0ck.info,116.67.83.27,8.8.8.8
32,2018-01-27 10:01:08.639510+09:00,fl0ckfl0ck.info,116.67.83.27,8.8.8.8
33,2018-01-27 11:01:08.750358+09:00,fl0ckfl0ck.info,116.67.83.27,8.8.8.8
34,2018-01-27 12:01:08.857110+09:00,fl0ckfl0ck.info,116.67.83.27,8.8.8.8
35,2018-01-27 13:01:09.007849+09:00,fl0ckfl0ck.info,116.67.83.27,8.8.8.8
36,2018-01-27 14:01:09.086107+09:00,fl0ckfl0ck.info,116.67.83.27,8.8.8.8
37,2018-01-27 15:01:09.186386+09:00,fl0ckfl0ck.info,116.67.83.27,8.8.8.8
38,2018-01-27 16:01:09.279534+09:00,fl0ckfl0ck.info,116.67.83.27,8.8.8.8
39,2018-01-27 17:01:09.405473+09:00,fl0ckfl0ck.info,116.67.83.27,8.8.8.8
40,2018-01-27 18:01:09.524857+09:00,fl0ckfl0ck.info,116.67.83.27,8.8.8.8
41,2018-01-27 19:01:09.640680+09:00,fl0ckfl0ck.info,116.67.83.27,8.8.8.8
42,2018-01-27 20:01:09.712260+09:00,fl0ckfl0ck.info,116.67.83.27,8.8.8.8
43,2018-01-27 21:01:09.843841+09:00,fl0ckfl0ck.info,116.67.83.27,8.8.8.8
44,2018-01-27 22:01:10.076108+09:00,fl0ckfl0ck.info,116.67.83.27,8.8.8.8
45,2018-01-27 23:01:10.139837+09:00,fl0ckfl0ck.info,116.67.83.27,8.8.8.8
46,2018-01-28 00:01:10.208126+09:00,fl0ckfl0ck.info,116.67.83.27,8.8.8.8
47,2018-01-28 01:01:10.352173+09:00,fl0ckfl0ck.info,116.67.83.27,8.8.8.8
48,2018-01-28 02:01:10.465227+09:00,fl0ckfl0ck.info,116.67.83.27,8.8.8.8
49,2018-01-28 03:01:10.542878+09:00,fl0ckfl0ck.info,116.67.83.27,8.8.8.8
50,2018-01-28 04:01:10.746915+09:00,fl0ckfl0ck.info,116.67.83.27,8.8.8.8
51,2018-01-28 05:01:10.796554+09:00,fl0ckfl0ck.info,116.67.83.27,8.8.8.8
52,2018-01-28 06:01:10.998820+09:00,fl0ckfl0ck.info,116.67.83.27,8.8.8.8
53,2018-01-28 07:01:11.167764+09:00,fl0ckfl0ck.info,116.67.83.27,8.8.8.8
54,2018-01-28 08:01:11.271407+09:00,fl0ckfl0ck.info,116.67.83.27,8.8.8.8
55,2018-01-28 09:01:11.309773+09:00,fl0ckfl0ck.info,116.67.83.27,8.8.8.8
56,2018-01-28 10:01:11.440610+09:00,fl0ckfl0ck.info,116.67.83.27,8.8.8.8
57,2018-01-28 11:01:11.523761+09:00,fl0ckfl0ck.info,116.67.83.27,8.8.8.8
58,2018-01-28 12:01:11.595704+09:00,fl0ckfl0ck.info,116.67.83.27,8.8.8.8
59,2018-01-28 13:01:11.645248+09:00,fl0ckfl0ck.info,116.67.83.27,8.8.8.8
60,2018-01-28 14:01:11.755604+09:00,fl0ckfl0ck.info,116.67.83.27,8.8.8.8
61,2018-01-28 15:01:11.872739+09:00,fl0ckfl0ck.info,116.67.83.27,8.8.8.8
62,2018-01-28 16:01:12.081361+09:00,fl0ckfl0ck.info,116.67.83.27,8.8.8.8
63,2018-01-28 17:01:12.313185+09:00,fl0ckfl0ck.info,116.67.83.27,8.8.8.8
64,2018-01-28 18:01:12.435628+09:00,fl0ckfl0ck.info,116.67.83.27,8.8.8.8
65,2018-01-28 19:01:12.541335+09:00,fl0ckfl0ck.info,116.67.83.27,8.8.8.8
66,2018-01-28 20:01:12.619142+09:00,fl0ckfl0ck.info,116.67.83.27,8.8.8.8
67,2018-01-28 21:01:12.741913+09:00,fl0ckfl0ck.info,116.67.83.27,8.8.8.8
68,2018-01-28 22:01:12.942703+09:00,fl0ckfl0ck.info,116.67.83.27,8.8.8.8
69,2018-01-28 23:01:13.015282+09:00,fl0ckfl0ck.info,116.67.83.27,8.8.8.8
70,2018-01-29 00:01:13.253148+09:00,fl0ckfl0ck.info,116.67.83.27,8.8.8.8
71,2018-01-29 01:01:13.310944+09:00,fl0ckfl0ck.info,116.67.83.27,8.8.8.8
72,2018-01-29 02:01:13.410912+09:00,fl0ckfl0ck.info,116.67.83.27,8.8.8.8
73,2018-01-29 03:01:13.490017+09:00,fl0ckfl0ck.info,116.67.83.27,8.8.8.8
74,2018-01-29 04:01:13.611078+09:00,fl0ckfl0ck.info,116.67.83.27,8.8.8.8
75,2018-01-29 05:01:13.761641+09:00,fl0ckfl0ck.info,116.67.83.27,8.8.8.8
76,2018-01-29 06:01:13.999352+09:00,fl0ckfl0ck.info,116.67.83.27,8.8.8.8
77,2018-01-29 07:01:14.095293+09:00,fl0ckfl0ck.info,116.67.83.27,8.8.8.8
78,2018-01-29 08:01:14.204107+09:00,fl0ckfl0ck.info,116.67.83.27,8.8.8.8
79,2018-01-29 09:01:14.399379+09:00,fl0ckfl0ck.info,116.67.83.27,8.8.8.8
80,2018-01-29 10:01:14.514030+09:00,fl0ckfl0ck.info,116.67.83.27,8.8.8.8
81,2018-01-29 11:01:14.635714+09:00,fl0ckfl0ck.info,116.67.83.27,8.8.8.8
82,2018-01-29 12:01:14.769329+09:00,fl0ckfl0ck.info,116.67.83.27,8.8.8.8
83,2018-01-29 13:01:14.915594+09:00,fl0ckfl0ck.info,116.67.83.27,8.8.8.8
84,2018-01-29 14:01:15.018059+09:00,fl0ckfl0ck.info,116.67.83.27,8.8.8.8
85,2018-01-29 15:01:15.087311+09:00,fl0ckfl0ck.info,116.67.83.27,8.8.8.8
86,2018-01-29 16:01:15.315966+09:00,fl0ckfl0ck.info,116.67.83.27,8.8.8.8
87,2018-01-29 17:01:15.471922+09:00,fl0ckfl0ck.info,116.67.83.27,8.8.8.8
88,2018-01-29 18:01:15.594699+09:00,fl0ckfl0ck.info,116.67.83.27,8.8.8.8
89,2018-01-29 19:01:15.646765+09:00,fl0ckfl0ck.info,116.67.83.27,8.8.8.8
90,2018-01-29 20:01:15.693250+09:00,fl0ckfl0ck.info,116.67.83.27,8.8.8.8
91,2018-01-29 21:01:15.805855+09:00,fl0ckfl0ck.info,116.67.83.27,8.8.8.8
92,2018-01-29 22:01:15.898350+09:00,fl0ckfl0ck.info,116.67.83.27,8.8.8.8
93,2018-01-29 23:01:16.005903+09:00,fl0ckfl0ck.info,116.67.83.27,8.8.8.8
94,2018-01-30 00:01:16.135817+09:00,fl0ckfl0ck.info,116.67.83.27,8.8.8.8
95,2018-01-30 01:01:16.280787+09:00,fl0ckfl0ck.info,116.67.83.27,8.8.8.8
96,2018-01-30 02:01:16.337225+09:00,fl0ckfl0ck.info,116.67.83.27,8.8.8.8
97,2018-01-30 03:01:16.587532+09:00,fl0ckfl0ck.info,116.67.83.27,8.8.8.8
98,2018-01-30 04:01:16.681926+09:00,fl0ckfl0ck.info,116.67.83.27,8.8.8.8
99,2018-01-30 05:01:16.783637+09:00,fl0ckfl0ck.info,116.67.83.27,8.8.8.8
100,2018-01-30 06:01:16.917410+09:00,fl0ckfl0ck.info,116.67.83.27,8.8.8.8
101,2018-01-30 07:01:16.996722+09:00,fl0ckfl0ck.info,116.67.83.27,8.8.8.8
102,2018-01-30 08:01:17.179908+09:00,fl0ckfl0ck.info,116.67.83.27,8.8.8.8
103,2018-01-30 09:01:17.266730+09:00,fl0ckfl0ck.info,116.67.83.27,8.8.8.8
104,2018-01-30 10:01:17.381696+09:00,fl0ckfl0ck.info,116.67.83.27,8.8.8.8
105,2018-01-30 11:01:17.502935+09:00,fl0ckfl0ck.info,116.67.83.27,8.8.8.8
106,2018-01-30 12:01:17.627342+09:00,fl0ckfl0ck.info,116.67.83.27,8.8.8.8
107,2018-01-30 13:01:17.741059+09:00,fl0ckfl0ck.info,116.67.83.27,8.8.8.8
108,2018-01-30 14:01:17.847776+09:00,fl0ckfl0ck.info,116.67.83.27,8.8.8.8
109,2018-01-30 15:01:17.948942+09:00,fl0ckfl0ck.info,116.67.83.27,8.8.8.8
110,2018-01-30 16:01:18.091678+09:00,fl0ckfl0ck.info,116.67.83.27,8.8.8.8
111,2018-01-30 17:01:18.182385+09:00,fl0ckfl0ck.info,116.67.83.27,8.8.8.8
112,2018-01-30 18:01:18.279039+09:00,fl0ckfl0ck.info,116.67.83.27,8.8.8.8
113,2018-01-30 19:01:18.403399+09:00,fl0ckfl0ck.info,116.67.83.27,8.8.8.8
114,2018-01-30 20:01:18.461078+09:00,fl0ckfl0ck.info,116.67.83.27,8.8.8.8
115,2018-01-30 21:01:18.532021+09:00,fl0ckfl0ck.info,116.67.83.27,8.8.8.8
116,2018-01-30 22:01:18.662247+09:00,fl0ckfl0ck.info,116.67.83.27,8.8.8.8
117,2018-01-30 23:01:18.754845+09:00,fl0ckfl0ck.info,116.67.83.27,8.8.8.8
118,2018-01-31 00:01:18.885482+09:00,fl0ckfl0ck.info,116.67.83.27,8.8.8.8
119,2018-01-31 01:01:18.979022+09:00,fl0ckfl0ck.info,116.67.83.27,8.8.8.8
120,2018-01-31 02:01:19.089710+09:00,fl0ckfl0ck.info,116.67.83.27,8.8.8.8
121,2018-01-31 03:01:19.214703+09:00,fl0ckfl0ck.info,116.67.83.27,8.8.8.8
122,2018-01-31 04:01:19.265568+09:00,fl0ckfl0ck.info,116.67.83.27,8.8.8.8
123,2018-01-31 05:01:19.393894+09:00,fl0ckfl0ck.info,116.67.83.27,8.8.8.8
124,2018-01-31 06:01:19.537981+09:00,fl0ckfl0ck.info,116.67.83.27,8.8.8.8
125,2018-01-31 07:01:19.654624+09:00,fl0ckfl0ck.info,116.67.83.27,8.8.8.8
126,2018-01-31 08:01:19.781622+09:00,fl0ckfl0ck.info,116.67.83.27,8.8.8.8
127,2018-01-31 09:01:19.871162+09:00,fl0ckfl0ck.info,116.67.83.27,8.8.8.8
128,2018-01-31 10:01:19.953825+09:00,fl0ckfl0ck.info,116.67.83.27,8.8.8.8
129,2018-01-31 11:01:19.990805+09:00,fl0ckfl0ck.info,116.67.83.27,8.8.8.8
130,2018-01-31 12:01:20.043726+09:00,fl0ckfl0ck.info,116.67.83.27,8.8.8.8
131,2018-01-31 13:01:20.091702+09:00,fl0ckfl0ck.info,116.67.83.27,8.8.8.8
132,2018-01-31 14:01:20.188702+09:00,fl0ckfl0ck.info,116.67.83.27,8.8.8.8
133,2018-01-31 15:01:20.280271+09:00,fl0ckfl0ck.info,116.67.83.27,8.8.8.8
134,2018-01-31 16:01:20.388038+09:00,fl0ckfl0ck.info,116.67.83.27,8.8.8.8
135,2018-01-31 17:01:20.484825+09:00,fl0ckfl0ck.info,116.67.83.27,8.8.8.8
136,2018-01-31 18:01:20.530867+09:00,fl0ckfl0ck.info,116.67.83.27,8.8.8.8
137,2018-01-31 19:01:20.649249+09:00,fl0ckfl0ck.info,116.67.83.27,8.8.8.8
138,2018-01-31 20:01:20.746726+09:00,fl0ckfl0ck.info,116.67.83.27,8.8.8.8
139,2018-01-31 21:01:20.843228+09:00,fl0ckfl0ck.info,116.67.83.27,8.8.8.8
140,2018-01-31 22:01:20.958550+09:00,fl0ckfl0ck.info,116.67.83.27,8.8.8.8
141,2018-01-31 23:01:21.027288+09:00,fl0ckfl0ck.info,116.67.83.27,8.8.8.8
142,2018-02-01 00:01:21.114959+09:00,fl0ckfl0ck.info,116.67.83.27,8.8.8.8
143,2018-02-01 01:01:21.183917+09:00,fl0ckfl0ck.info,116.67.83.27,8.8.8.8
144,2018-02-01 02:01:21.288958+09:00,fl0ckfl0ck.info,116.67.83.27,8.8.8.8
145,2018-02-01 03:01:21.406952+09:00,fl0ckfl0ck.info,116.67.83.27,8.8.8.8
146,2018-02-01 04:01:21.531000+09:00,fl0ckfl0ck.info,116.67.83.27,8.8.8.8
147,2018-02-01 05:01:21.610405+09:00,fl0ckfl0ck.info,116.67.83.27,8.8.8.8
148,2018-02-01 06:01:21.685597+09:00,fl0ckfl0ck.info,116.67.83.27,8.8.8.8
149,2018-02-01 07:01:21.743095+09:00,fl0ckfl0ck.info,116.67.83.27,8.8.8.8
150,2018-02-01 08:01:21.875217+09:00,fl0ckfl0ck.info,116.67.83.27,8.8.8.8
151,2018-02-01 09:01:21.967523+09:00,fl0ckfl0ck.info,116.67.83.27,8.8.8.8
152,2018-02-01 10:01:22.077971+09:00,fl0ckfl0ck.info,116.67.83.27,8.8.8.8
153,2018-02-01 11:01:22.128372+09:00,fl0ckfl0ck.info,116.67.83.27,8.8.8.8
154,2018-02-01 12:01:22.279945+09:00,fl0ckfl0ck.info,116.67.83.27,8.8.8.8
155,2018-02-01 13:01:22.382522+09:00,fl0ckfl0ck.info,116.67.83.27,8.8.8.8
156,2018-02-01 14:01:22.474150+09:00,fl0ckfl0ck.info,116.67.83.27,8.8.8.8
157,2018-02-01 15:01:22.604520+09:00,fl0ckfl0ck.info,116.67.83.27,8.8.8.8
158,2018-02-01 16:01:22.657428+09:00,fl0ckfl0ck.info,116.67.83.27,8.8.8.8
159,2018-02-01 17:01:22.926454+09:00,fl0ckfl0ck.info,116.67.83.27,8.8.8.8
160,2018-02-01 18:01:23.022771+09:00,fl0ckfl0ck.info,116.67.83.27,8.8.8.8
161,2018-02-01 19:01:23.081520+09:00,fl0ckfl0ck.info,116.67.83.27,8.8.8.8
162,2018-02-01 20:01:23.123859+09:00,fl0ckfl0ck.info,116.67.83.27,8.8.8.8
163,2018-02-01 21:01:23.229416+09:00,fl0ckfl0ck.info,116.67.83.27,8.8.8.8
164,2018-02-01 22:01:23.372900+09:00,fl0ckfl0ck.info,116.67.83.27,8.8.8.8
165,2018-02-01 23:01:23.622289+09:00,fl0ckfl0ck.info,116.67.83.27,8.8.8.8
166,2018-02-02 00:01:23.757135+09:00,fl0ckfl0ck.info,116.67.83.27,8.8.8.8
167,2018-02-02 01:01:23.873563+09:00,fl0ckfl0ck.info,116.67.83.27,8.8.8.8
168,2018-02-02 02:01:23.988356+09:00,fl0ckfl0ck.info,116.67.83.27,8.8.8.8
169,2018-02-02 03:01:24.075343+09:00,fl0ckfl0ck.info,116.67.83.27,8.8.8.8
170,2018-02-02 04:01:24.096613+09:00,fl0ckfl0ck.info,116.67.83.27,8.8.8.8
171,2018-02-02 05:01:24.182427+09:00,fl0ckfl0ck.info,116.67.83.27,8.8.8.8
172,2018-02-02 06:01:24.266326+09:00,fl0ckfl0ck.info,116.67.83.27,8.8.8.8
173,2018-02-02 07:01:24.336348+09:00,fl0ckfl0ck.info,116.67.83.27,8.8.8.8
174,2018-02-02 08:01:24.445686+09:00,fl0ckfl0ck.info,116.67.83.27,8.8.8.8
175,2018-02-02 09:01:24.521528+09:00,fl0ckfl0ck.info,116.67.83.27,8.8.8.8
176,2018-02-02 10:01:24.632307+09:00,fl0ckfl0ck.info,116.67.83.27,8.8.8.8
177,2018-02-02 11:01:24.721229+09:00,fl0ckfl0ck.info,116.67.83.27,8.8.8.8
178,2018-02-02 12:01:24.807919+09:00,fl0ckfl0ck.info,116.67.83.27,8.8.8.8
179,2018-02-02 13:01:24.891037+09:00,fl0ckfl0ck.info,116.67.83.27,8.8.8.8
180,2018-02-02 14:01:25.054673+09:00,fl0ckfl0ck.info,116.67.83.27,8.8.8.8
181,2018-02-02 15:01:25.158471+09:00,fl0ckfl0ck.info,116.67.83.27,8.8.8.8
182,2018-02-02 16:01:25.290877+09:00,fl0ckfl0ck.info,116.67.83.27,8.8.8.8
183,2018-02-02 17:01:25.378740+09:00,fl0ckfl0ck.info,116.67.83.27,8.8.8.8
184,2018-02-02 18:01:25.428954+09:00,fl0ckfl0ck.info,116.67.83.27,8.8.8.8
185,2018-02-02 19:01:25.452694+09:00,fl0ckfl0ck.info,116.67.83.27,8.8.8.8
186,2018-02-02 20:01:25.533200+09:00,fl0ckfl0ck.info,116.67.83.27,8.8.8.8
187,2018-02-02 21:01:25.620587+09:00,fl0ckfl0ck.info,116.67.83.27,8.8.8.8
188,2018-02-02 22:01:25.727771+09:00,fl0ckfl0ck.info,116.67.83.27,8.8.8.8
189,2018-02-02 23:01:25.847347+09:00,fl0ckfl0ck.info,116.67.83.27,8.8.8.8
190,2018-02-03 00:01:25.880724+09:00,fl0ckfl0ck.info,116.67.83.27,8.8.8.8
191,2018-02-03 01:01:26.001141+09:00,fl0ckfl0ck.info,116.67.83.27,8.8.8.8
192,2018-02-03 02:01:26.049648+09:00,fl0ckfl0ck.info,116.67.83.27,8.8.8.8
193,2018-02-03 03:01:26.160533+09:00,fl0ckfl0ck.info,116.67.83.27,8.8.8.8
194,2018-02-03 04:01:26.255391+09:00,fl0ckfl0ck.info,116.67.83.27,8.8.8.8
195,2018-02-03 05:01:26.369278+09:00,fl0ckfl0ck.info,116.67.83.27,8.8.8.8
196,2018-02-03 06:01:26.455120+09:00,fl0ckfl0ck.info,116.67.83.27,8.8.8.8
197,2018-02-03 07:01:26.523259+09:00,fl0ckfl0ck.info,116.67.83.27,8.8.8.8
198,2018-02-03 08:01:26.613466+09:00,fl0ckfl0ck.info,116.67.83.27,8.8.8.8
199,2018-02-03 09:01:26.743010+09:00,fl0ckfl0ck.info,116.67.83.27,8.8.8.8
200,2018-02-03 10:01:26.850211+09:00,fl0ckfl0ck.info,116.67.83.27,8.8.8.8
201,2018-02-03 11:01:26.926487+09:00,fl0ckfl0ck.info,116.67.83.27,8.8.8.8
202,2018-02-03 12:01:27.006488+09:00,fl0ckfl0ck.info,116.67.83.27,8.8.8.8
203,2018-02-03 13:01:27.086594+09:00,fl0ckfl0ck.info,116.67.83.27,8.8.8.8
204,2018-02-03 14:01:27.122329+09:00,fl0ckfl0ck.info,116.67.83.27,8.8.8.8
205,2018-02-03 15:01:27.242751+09:00,fl0ckfl0ck.info,116.67.83.27,8.8.8.8
206,2018-02-03 16:01:27.374433+09:00,fl0ckfl0ck.info,116.67.83.27,8.8.8.8
207,2018-02-03 17:01:27.442670+09:00,fl0ckfl0ck.info,116.67.83.27,8.8.8.8
208,2018-02-03 18:01:27.521341+09:00,fl0ckfl0ck.info,116.67.83.27,8.8.8.8
209,2018-02-03 19:01:27.609241+09:00,fl0ckfl0ck.info,116.67.83.27,8.8.8.8
210,2018-02-03 20:01:27.730551+09:00,fl0ckfl0ck.info,116.67.83.27,8.8.8.8
211,2018-02-03 21:01:27.846977+09:00,fl0ckfl0ck.info,116.67.83.27,8.8.8.8
212,2018-02-03 22:01:27.932870+09:00,fl0ckfl0ck.info,116.67.83.27,8.8.8.8
213,2018-02-03 23:01:28.123873+09:00,fl0ckfl0ck.info,116.67.83.27,8.8.8.8
214,2018-02-04 00:01:28.264796+09:00,fl0ckfl0ck.info,116.67.83.27,8.8.8.8
215,2018-02-04 01:01:28.345690+09:00,fl0ckfl0ck.info,116.67.83.27,8.8.8.8
216,2018-02-04 02:01:28.458449+09:00,fl0ckfl0ck.info,116.67.83.27,8.8.8.8
217,2018-02-04 03:01:28.530194+09:00,fl0ckfl0ck.info,116.67.83.27,8.8.8.8
218,2018-02-04 04:01:28.635640+09:00,fl0ckfl0ck.info,116.67.83.27,8.8.8.8
219,2018-02-04 05:01:28.722361+09:00,fl0ckfl0ck.info,116.67.83.27,8.8.8.8
220,2018-02-04 06:01:28.834647+09:00,fl0ckfl0ck.info,116.67.83.27,8.8.8.8
221,2018-02-04 07:01:28.913750+09:00,fl0ckfl0ck.info,116.67.83.27,8.8.8.8
222,2018-02-04 08:01:29.053605+09:00,fl0ckfl0ck.info,116.67.83.27,8.8.8.8
223,2018-02-04 09:01:29.121531+09:00,fl0ckfl0ck.info,116.67.83.27,8.8.8.8
224,2018-02-04 10:01:29.230990+09:00,fl0ckfl0ck.info,116.67.83.27,8.8.8.8
225,2018-02-04 11:01:29.345542+09:00,fl0ckfl0ck.info,116.67.83.27,8.8.8.8
226,2018-02-04 12:01:29.458527+09:00,fl0ckfl0ck.info,116.67.83.27,8.8.8.8
227,2018-02-04 13:01:29.522687+09:00,fl0ckfl0ck.info,116.67.83.27,8.8.8.8
228,2018-02-04 14:01:29.666283+09:00,fl0ckfl0ck.info,116.67.83.27,8.8.8.8
229,2018-02-04 15:01:29.736361+09:00,fl0ckfl0ck.info,116.67.83.27,8.8.8.8
